Word,Cost,Clicks,Impressions,Conversions,Top Containing Queries
ai,₹44.32,1,34,0.00,"(harvey ai, legal ai, vakilsearch ai)"
legal,₹44.32,1,18,0.00,"(legal ai, ai tools for legal professionals, legal ai tools)"
for,₹0.00,0,7,0.00,"(ai tools for legal professionals, ai app for law, ai for advocates)"
law,₹0.00,0,6,0.00,"(ai app for law, ai for law, ai law)"
software,₹0.00,0,5,0.00,"(advocate case management software, clio software, law firm management software)"
ai tools,₹44.32,1,5,0.00,"(ai tools for legal professionals, legal ai tools, law related ai tools)"
harvey,₹0.00,0,5,0.00,(harvey ai)
management,₹0.00,0,5,0.00,"(advocate case management software, law firm management software, legal case management software)"
legal professionals,₹0.00,0,3,0.00,"(ai tools for legal professionals, ai for legal professionals)"
vakilsearch,₹0.00,0,3,0.00,(vakilsearch ai)
bot,₹0.00,0,2,0.00,"(jurist bot, law bot pro)"
advocate,₹0.00,0,2,0.00,"(advocate case management software, advocate drafting ai)"
case management,₹0.00,0,2,0.00,"(advocate case management software, legal case management software)"
com,₹0.00,0,1,0.00,(file persuit com)
practice,₹0.00,0,1,0.00,(ai in legal practice)
lawyers,₹0.00,0,1,0.00,(ai for lawyers)
advice,₹0.00,0,1,0.00,(legal advice online ai)
platform,₹0.00,0,1,0.00,(legal management platform)
firm,₹0.00,0,1,0.00,(law firm management software)
casemine,₹0.00,0,1,0.00,(casemine ai)
file,₹0.00,0,1,0.00,(file persuit com)
related,₹0.00,0,1,0.00,(law related ai tools)
litera,₹0.00,0,1,0.00,(litera legal software)
aline,₹0.00,0,1,0.00,(aline ai)
legix,₹0.00,0,1,0.00,(legix ai)
flow,₹0.00,0,1,0.00,(legal flow)
app,₹0.00,0,1,0.00,(ai app for law)
clio,₹0.00,0,1,0.00,(clio software)
counsel,₹0.00,0,1,0.00,(co counsel ai)
jurist,₹0.00,0,1,0.00,(jurist bot)
lucioai,₹0.00,0,1,0.00,(lucioai)
advocates,₹0.00,0,1,0.00,(ai for advocates)
in,₹0.00,0,1,0.00,(ai in legal practice)
persuit,₹0.00,0,1,0.00,(file persuit com)
lexis,₹0.00,0,1,0.00,(lexis ai)
services,₹0.00,0,1,0.00,(legal services management system)
co,₹0.00,0,1,0.00,(co counsel ai)
pro,₹0.00,0,1,0.00,(law bot pro)
lawcentral,₹0.00,0,1,0.00,(lawcentral ai)
system,₹0.00,0,1,0.00,(legal services management system)
drafting,₹0.00,0,1,0.00,(advocate drafting ai)
desk,₹0.00,0,1,0.00,(legal desk ai)
online,₹0.00,0,1,0.00,(legal advice online ai)
